,y_train
0,39.3
1,39.83
2,39.58
3,39.88
4,37.89
5,37.29
6,37.4
7,37.61
8,36.66
9,39.01
10,39.29
11,38.63
12,38.27
13,37.71
14,37.71
15,38.48
16,37.88
17,37.0
18,38.26
19,38.59
20,37.71
21,37.58
22,37.86
23,37.74
24,38.82
25,38.85
26,39.2
27,39.64
28,39.22
29,38.96
30,39.25
31,39.79
32,38.45
33,38.05
34,36.59
35,36.26
36,36.41
37,37.94
38,37.49
39,37.47
40,37.2
41,36.8
42,36.57
43,36.49
44,35.82
45,35.95
46,34.91
47,34.91
48,35.87
49,35.21
50,35.4
51,36.23
52,39.46
53,39.4
54,39.45
55,38.42
56,39.07
57,40.07
58,39.8
59,39.65
60,39.75
61,39.41
62,40.92
63,40.89
64,40.83
65,41.26
66,42.1
67,41.82
68,42.479
69,41.64
70,42.6
71,41.32
72,41.46
73,41.87
74,41.36
75,41.6
76,42.8
77,43.53
78,43.08
79,42.56
80,41.32
81,41.79
82,43.17
83,44.32
84,45.47
85,43.75
86,43.41
87,43.17
88,44.02
89,43.69
90,43.56
91,43.85
92,42.58
93,42.64
94,43.56
95,43.94
96,44.73
97,44.6
98,43.75
99,44.59
100,43.97
101,44.64
102,44.04
103,45.1
104,45.1
105,45.1
106,45.79
107,46.73
108,47.06
109,46.05
110,45.95
111,45.58
112,44.59
113,44.65
114,43.91
115,42.86
116,43.64
117,44.0
118,44.12
119,43.85
120,44.41
121,45.01
122,45.48
123,46.38
124,45.6
125,44.78
126,44.21
127,45.0
128,43.87
129,44.24
130,43.96
131,43.67
132,43.52
133,43.78
134,43.35
135,42.21
136,42.4
137,41.12
138,40.6
139,40.43
140,39.77
141,39.91
142,40.76
143,41.28
144,41.95
145,44.01
146,43.15
147,43.32
148,43.33
149,42.66
150,42.63
151,42.85
152,43.12
153,43.11
154,43.85
155,45.28
156,44.5
157,45.31
158,45.31
159,46.28
160,45.9
161,45.76
162,45.91
163,46.15
164,46.3
165,45.25
166,45.55
167,45.76
168,46.94
169,46.79
170,47.19
171,47.84
172,48.87
173,49.52
174,49.63
175,49.1
176,48.0
177,48.07
178,47.97
179,50.22
180,49.72
181,49.02
182,49.13
183,48.17
184,47.97
185,48.64
186,49.83
187,49.5
188,50.18
189,50.54
190,50.9
191,51.34
192,51.01
193,50.03
194,50.26
195,52.02
196,51.16
197,51.39
198,51.19
199,52.85
200,53.45
201,53.36
202,54.49
203,53.49
204,53.88
205,54.31
206,55.4
207,55.38
208,56.23
209,56.27
210,57.53
211,57.24
212,58.07
213,58.29
214,57.95
215,57.4
216,57.65
217,58.24
218,58.99
219,58.49
220,58.34
221,58.48
222,59.31
223,57.68
224,59.75
225,59.85
226,60.94
227,61.04
228,60.87
229,60.5
230,61.48
231,62.44
232,62.85
233,62.47
234,60.5
235,60.05
236,60.9
237,61.39
238,63.08
239,63.96
240,62.8
241,60.0
242,60.43
243,60.97
244,60.5
245,61.89
246,62.68
247,62.25
248,63.85
249,63.37
250,63.2
251,63.2
252,62.22
253,60.18
254,60.26
255,59.01
256,58.865
257,58.93
258,58.48
259,59.21
260,58.69
261,58.05
262,58.35
263,57.51
264,58.09
265,57.49
266,55.66
267,56.31
268,56.34
269,56.54
270,56.2
271,57.0
272,59.85
273,61.8
274,63.02
275,63.85
276,63.77
277,63.96
278,62.76
279,62.97
280,63.84
281,63.5
282,64.52
283,64.6
284,63.6
285,62.55
286,61.57
287,61.48
288,61.47
289,61.54
290,62.06
291,61.96
292,62.52
293,63.1
294,63.95
295,65.24
296,65.01
297,64.76
298,65.39
299,64.8
300,65.55
301,64.65
302,63.67
303,65.3
304,67.58
305,66.85
306,66.53
307,67.26
308,66.94
309,66.84
310,66.64
311,67.85
312,67.82
313,66.84
314,66.75
315,67.12
316,68.27
317,68.49
318,67.44
319,66.89
320,66.25
321,65.09
322,62.75
323,55.98
324,55.83
325,59.3
326,58.39
327,59.3
328,60.75
329,59.75
330,58.97
331,58.31
332,59.05
333,59.74
334,57.01
335,57.6
336,57.55
337,57.53
338,57.84
339,58.28
340,57.5
341,58.08
342,58.06
343,58.98
344,59.6
345,59.9
346,61.1
347,62.0
348,62.0
349,31.46
350,32.24
351,32.96
352,33.1
353,33.09
354,33.03
355,33.23
356,32.9
357,32.44
358,32.51
359,32.46
360,32.26
361,32.59
362,31.1
363,31.84
364,32.39
365,32.03
366,31.08
367,31.11
368,31.04
369,30.9
370,30.74
371,30.0
372,29.33
373,29.05
374,29.02
375,29.25
376,28.74
377,28.34
378,27.8
379,26.69
380,27.66
381,27.84
382,28.05
383,28.62
384,29.23
385,29.25
386,28.76
387,28.37
388,29.17
389,29.32
390,29.6
391,29.8
392,29.53
393,29.7
394,29.7
395,30.2
396,29.53
397,28.51
398,28.4
399,27.88
400,26.89
401,27.22
402,26.95
403,26.71
404,25.93
405,26.57
406,26.88
407,26.87
408,26.18
409,26.83
410,26.55
411,26.2
412,26.19
413,26.98
414,27.92
415,27.48
416,27.27
417,27.24
418,27.22
419,26.92
420,26.87
421,26.84
422,27.49
423,28.0
424,27.6
425,27.6
426,26.97
427,27.0
428,27.39
429,27.81
430,29.27
431,28.69
432,27.77
433,27.69
434,27.78
435,28.22
436,28.21
437,28.53
438,28.88
439,29.55
440,29.55
441,29.81
442,29.76
443,29.28
444,29.02
445,29.04
446,29.01
447,28.47
448,28.2
449,28.61
450,29.94
451,30.37
452,30.32
453,30.9
454,30.79
455,30.94
456,32.19
457,32.21
458,32.3
459,32.2
460,32.31
461,31.83
462,32.8
463,32.8
464,32.61
465,32.65
466,32.26
467,32.27
468,32.49
469,32.67
470,32.91
471,33.03
472,32.8
473,33.25
474,34.15
475,33.6
476,33.28
477,33.5
478,33.71
479,33.75
480,33.19
481,32.33
482,32.75
483,33.93
484,34.6
485,35.99
486,36.83
487,36.67
488,36.33
489,35.69
490,35.22
491,34.58
492,34.89
493,36.98
494,38.78
495,38.23
496,37.78
497,37.45
498,37.7
499,37.45
500,36.99
501,36.95
502,36.76
503,37.31
504,38.7
505,38.26
506,38.5
507,39.05
508,38.15
509,38.8
510,39.37
511,39.64
512,38.62
513,39.0
514,39.71
515,40.54
516,38.58
517,37.95
518,38.44
519,39.3
520,38.84
521,40.19
522,39.33
523,39.4
524,40.15
525,39.12
526,39.05
527,39.5
528,39.35
529,38.8
530,37.98
531,38.35
532,38.25
533,37.97
534,37.88
535,38.4
536,37.53
537,38.26
538,38.72
539,38.76
540,38.49
541,38.93
542,38.52
543,38.8
544,38.5
545,39.05
546,38.36
547,37.99
548,38.01
549,37.2
550,37.11
551,37.1
552,37.64
553,37.0
554,35.99
555,35.94
556,36.42
557,36.7
558,35.58
559,36.33
560,36.25
561,35.81
562,35.56
563,36.37
564,35.31
565,35.18
566,35.87
567,36.27
568,35.86
569,36.18
570,36.86
571,37.36
572,37.0
573,36.88
574,36.63
575,36.94
576,37.32
577,37.79
578,38.0
579,37.43
580,37.56
581,37.81
582,37.83
583,39.47
584,39.15
585,38.34
586,35.9
587,34.95
588,34.69
589,34.18
590,33.69
591,33.16
592,33.3
593,32.26
594,31.86
595,32.7
596,32.01
597,31.35
598,30.15
599,30.1
600,30.03
601,29.01
602,29.58
603,29.32
604,28.78
605,28.47
606,28.68
607,28.87
608,28.92
609,29.5
610,29.99
611,28.47
612,28.03
613,28.69
614,29.1
615,29.1
616,28.88
617,28.67
618,29.13
619,28.77
620,29.64
621,30.5
622,30.63
623,30.57
624,30.79
625,30.2
626,30.35
627,30.82
628,30.4
629,30.31
630,29.81
631,29.42
632,29.54
633,28.98
634,29.59
635,28.25
636,27.95
637,27.85
638,27.52
639,27.6
640,28.25
641,27.74
642,27.67
643,27.33
644,26.7
645,26.93
646,26.87
647,27.53
648,28.4
649,30.0
650,31.55
651,32.6
652,31.63
653,32.01
654,32.14
655,31.53
656,32.07
657,32.19
658,32.7
659,34.0
660,33.75
661,34.0
662,33.8
663,33.17
664,32.91
665,32.73
666,32.41
667,32.43
668,32.92
669,31.81
670,32.23
671,32.44
672,32.15
673,32.4
674,32.49
675,31.6
676,31.42
677,31.79
678,32.67
679,33.6
680,36.64
681,36.23
682,37.33
683,37.33
684,37.83
685,37.4
686,37.14
687,38.1
688,37.7
689,38.22
690,38.15
691,37.54
692,36.88
693,36.75
694,37.56
695,38.25
696,38.08
697,37.43
698,37.55
699,37.25
700,38.05
701,38.75
702,37.91
703,38.47
704,38.45
705,38.52
706,38.07
707,38.5
708,39.33
709,39.2
710,39.35
711,38.72
712,38.09
713,38.4
714,37.55
715,37.64
716,37.91
717,38.96
718,39.46
719,39.87
720,39.43
721,39.08
722,40.05
723,40.75
724,41.32
725,41.45
726,41.18
727,42.0
728,42.5
729,41.45
730,41.34
731,39.85
732,40.17
733,39.65
734,40.16
735,39.55
736,39.54
737,39.05
738,38.85
739,38.12
740,39.69
741,40.0
742,40.75
743,40.57
744,43.06
745,42.445
746,40.77
747,42.29
748,42.01
749,41.32
750,40.75
751,41.76
752,41.64
753,41.3
754,40.72
755,39.8
756,40.78
757,40.42
758,40.5
759,39.16
760,39.4
761,39.65
762,40.25
763,40.22
764,39.94
765,38.3
766,38.44
767,37.65
768,37.99
769,39.54
770,39.17
771,39.06
772,39.36
773,38.84
774,38.91
775,38.99
776,39.04
777,39.08
778,38.65
779,38.25
780,38.2
781,37.86
782,38.55
783,38.44
784,38.71
785,39.3
786,40.09
787,40.52
788,40.97
789,40.9
790,40.65
791,40.16
792,38.69
793,38.46
794,38.92
795,38.42
796,39.05
797,38.63
798,39.2
799,39.46
800,39.01
801,39.33
802,38.57
803,39.25
804,38.64
805,39.8
806,40.2
807,42.63
808,42.87
809,42.91
810,42.66
811,43.71
812,42.6
813,42.21
814,41.37
815,41.56
816,42.0
817,42.11
818,42.69
819,42.67
820,42.64
821,42.85
822,42.1
823,42.1
824,42.83
825,42.57
826,42.91
827,42.66
828,42.94
829,42.19
830,42.23
831,42.65
832,42.54
833,43.02
834,42.75
835,41.59
836,41.79
837,41.6
838,41.5
839,41.32
840,41.4
841,41.15
842,41.1
843,40.76
844,41.84
845,41.97
846,41.74
847,42.12
848,42.55
849,43.85
850,43.21
851,43.64
852,43.35
853,42.22
854,42.34
855,42.47
856,44.0
857,44.12
858,44.25
859,44.33
860,44.09
861,43.39
862,42.45
863,43.2
864,42.7
865,43.16
866,44.3
867,44.49
868,42.65
869,42.36
870,42.41
871,41.27
872,41.3
873,40.84
874,40.03
875,39.97
876,40.35
877,40.56
878,40.15
879,40.14
880,40.8
881,41.0
882,40.92
883,40.6
884,40.27
885,40.94
886,41.35
887,41.04
888,41.1
889,41.25
890,41.31
891,42.41
892,41.87
893,42.17
894,41.97
895,41.15
896,41.21
897,40.79
898,41.17
899,40.29
900,39.6
901,39.4
902,38.71
903,39.08
904,39.61
905,39.9
906,41.3
907,41.0
908,41.01
909,40.22
910,39.83
911,39.86
912,40.51
913,40.41
914,40.4
915,40.82
916,40.5
917,40.41
918,40.66
919,41.39
920,42.1
921,42.75
922,42.75
923,43.22
924,43.91
925,43.34
926,43.22
927,43.39
928,43.59
929,43.99
930,43.07
931,43.71
932,44.53
933,43.55
934,43.64
935,43.0
936,41.82
937,41.26
938,43.09
939,43.5
940,43.64
941,43.89
942,44.05
943,44.17
944,43.91
945,44.4
946,44.64
947,45.0
948,44.9
949,45.79
950,45.89
951,45.94
952,45.57
953,46.0
954,45.97
955,47.08
956,46.22
957,47.2
958,47.55
959,48.0
960,47.85
961,47.2
962,47.45
963,47.58
964,47.75
965,47.35
966,47.31
967,47.85
968,47.31
969,46.1
970,43.9
971,43.19
972,40.86
973,41.39
974,41.0
975,41.35
976,41.75
977,42.7
978,41.87
979,41.9
980,41.69
981,41.03
982,41.59
983,42.18
984,43.1
985,41.89
986,42.22
987,44.0
988,44.2
989,44.3
990,44.5
991,44.49
992,43.88
993,43.96
994,43.6
995,41.79
996,42.19
997,41.89
998,41.94
999,42.47
1000,42.6
1001,42.97
1002,43.09
1003,42.53
1004,42.68
1005,42.9
1006,41.52
1007,41.3
1008,40.3
1009,39.88
1010,39.3
1011,39.19
1012,38.84
1013,38.26
1014,38.08
1015,37.75
1016,37.28
1017,35.17
1018,33.01
1019,33.21
1020,34.45
1021,35.02
1022,35.18
1023,35.4
1024,35.54
1025,33.83
1026,34.97
1027,34.55
1028,33.94
1029,34.6
1030,32.42
1031,32.53
1032,33.28
1033,34.1
1034,34.74
1035,35.01
1036,34.8
1037,35.24
1038,34.35
1039,35.23
1040,34.83
1041,35.08
1042,35.54
1043,35.5
1044,35.26
1045,34.91
1046,33.49
1047,32.58
1048,33.0
1049,32.4
1050,32.47
1051,32.6
1052,32.21
1053,32.99
1054,32.98
1055,33.36
1056,32.03
1057,31.53
1058,33.87
1059,34.81
1060,34.51
1061,36.39
1062,36.51
1063,37.1
1064,36.07
1065,35.61
1066,36.56
1067,37.4
1068,36.4
1069,37.0
1070,36.81
1071,36.61
1072,36.73
1073,36.4
1074,36.94
1075,35.91
1076,36.29
1077,36.1
1078,36.47
1079,36.87
1080,36.2
1081,36.32
1082,36.29
1083,36.71
1084,37.41
1085,37.02
1086,37.0
1087,37.79
1088,38.34
1089,39.23
1090,40.39
1091,40.06
1092,40.09
1093,39.6
1094,39.46
1095,39.83
1096,40.44
1097,40.74
1098,40.82
1099,42.17
1100,42.11
1101,41.38
1102,41.5
1103,40.88
1104,41.3
1105,41.16
1106,42.91
1107,42.75
1108,44.08
1109,43.97
1110,43.75
1111,43.6
1112,43.45
1113,43.45
1114,42.58
1115,42.17
1116,41.55
1117,40.95
1118,41.92
1119,42.32
1120,41.82
1121,40.81
1122,40.78
1123,41.54
1124,40.9
1125,40.86
1126,41.8
1127,41.76
1128,40.69
1129,39.63
1130,39.23
1131,40.5
1132,40.27
1133,39.81
1134,39.46
1135,39.49
1136,38.29
1137,39.03
1138,39.88
1139,39.15
1140,39.77
1141,41.02
1142,41.0
1143,41.87
1144,40.96
1145,40.77
1146,41.0
1147,41.07
1148,40.7
1149,40.24
1150,41.34
1151,40.93
1152,41.78
1153,41.42
1154,41.74
1155,43.1
1156,43.07
1157,43.4
1158,45.15
1159,45.91
1160,45.5
1161,45.48
1162,45.52
1163,44.76
1164,43.74
1165,43.92
1166,43.76
1167,44.88
1168,44.56
1169,43.55
1170,43.5
1171,44.3
1172,43.9
1173,43.91
1174,42.92
1175,43.88
1176,41.48
1177,40.92
1178,41.87
1179,41.35
1180,40.26
1181,40.9
1182,39.64
1183,38.19
1184,38.82
1185,37.81
1186,40.88
1187,40.78
1188,39.61
1189,39.06
1190,40.03
1191,39.16
1192,38.47
1193,37.0
1194,39.42
1195,37.88
1196,34.9
1197,31.72
1198,31.44
1199,28.86
1200,31.23
1201,26.29
1202,29.6
1203,31.34
1204,29.21
1205,25.82
1206,27.14
1207,27.98
1208,29.0
1209,27.15
1210,25.5
1211,23.06
1212,23.43
1213,24.23
1214,27.38
1215,27.41
1216,26.74
1217,26.79
1218,27.83
1219,28.98
1220,26.71
1221,24.92
1222,25.78
1223,24.76
1224,22.98
1225,21.68
1226,23.74
1227,21.92
1228,22.54
1229,22.54
1230,21.4
1231,21.1
1232,21.99
1233,21.96
1234,22.13
1235,23.2
1236,22.74
1237,21.47
1238,21.73
1239,20.87
1240,20.46
1241,21.85
1242,22.45
1243,23.12
1244,23.37
1245,21.54
1246,22.52
1247,21.53
1248,23.15
1249,21.68
1250,21.44
1251,21.8
1252,21.11
1253,20.95
1254,21.17
1255,21.07
1256,20.6
1257,20.99
1258,21.11
1259,22.79
1260,23.29
1261,23.54
1262,24.01
1263,24.34
1264,24.07
1265,22.92
1266,21.89
1267,21.07
1268,21.11
1269,21.0
1270,19.83
1271,19.84
1272,19.0
1273,19.95
1274,19.83
1275,20.71
1276,20.6
1277,20.23
1278,19.41
1279,19.69
1280,19.66
1281,19.6
1282,20.93
1283,21.99
1284,21.32
1285,20.43
1286,19.95
1287,20.96
1288,20.07
1289,20.33
1290,20.46
1291,18.99
1292,18.04
1293,17.28
1294,17.42
1295,17.47
1296,15.86
1297,16.5
1298,16.15
1299,16.28
1300,18.14
1301,17.16
1302,17.03
1303,17.16
1304,18.26
1305,18.72
1306,19.31
1307,18.77
1308,18.62
1309,19.46
1310,21.75
1311,21.3
1312,21.04
1313,22.34
1314,22.0
1315,22.3
1316,22.56
1317,21.33
1318,20.94
1319,21.03
1320,22.9
1321,23.34
1322,23.85
1323,23.61
1324,23.84
1325,24.36
1326,24.6
1327,24.42
1328,23.8
1329,24.2
1330,24.6
1331,24.08
1332,23.3
1333,23.56
1334,23.85
1335,24.64
1336,25.83
1337,25.81
1338,25.99
1339,27.03
1340,27.25
1341,26.53
1342,26.64
1343,26.91
1344,26.42
1345,25.97
1346,25.0
1347,26.32
1348,25.64
1349,25.2
1350,25.72
1351,26.06
1352,26.19
1353,26.6
1354,26.05
1355,26.21
1356,26.34
1357,27.67
1358,27.24
1359,27.49
1360,28.37
1361,29.17
1362,29.26
1363,29.0
1364,29.45
1365,29.78
1366,29.4
1367,29.88
1368,30.36
1369,30.34
1370,29.82
1371,29.05
1372,28.35
1373,28.95
1374,28.99
1375,28.52
1376,27.45
1377,27.84
1378,27.87
1379,28.11
1380,28.13
1381,28.76
1382,28.38
1383,28.14
1384,27.27
1385,27.02
1386,26.4
1387,26.53
1388,27.14
1389,27.56
1390,28.09
1391,29.0
1392,29.67
1393,30.92
1394,30.68
1395,31.24
1396,31.14
1397,31.21
1398,31.83
1399,32.56
1400,32.41
1401,32.18
1402,32.54
1403,32.38
1404,32.61
1405,32.6
1406,33.01
1407,32.01
1408,33.02
1409,32.8
1410,32.56
1411,31.87
1412,33.23
1413,33.21
1414,31.72
1415,31.28
1416,31.45
1417,31.83
1418,32.44
1419,32.85
1420,32.67
1421,32.52
1422,32.35
1423,32.73
1424,31.58
1425,31.27
1426,31.14
1427,31.0
1428,31.63
1429,32.5
1430,32.32
1431,32.74
1432,34.12
1433,34.35
1434,35.27
1435,33.56
1436,33.59
1437,33.05
1438,32.78
1439,33.07
1440,33.02
1441,32.7
1442,32.09
1443,32.2
1444,32.84
1445,32.76
1446,32.66
1447,31.69
1448,32.37
1449,32.82
1450,33.74
1451,33.74
1452,34.16
1453,34.67
1454,34.25
1455,34.84
1456,35.08
1457,35.48
1458,35.76
1459,35.58
1460,35.35
1461,34.54
1462,34.98
1463,34.64
1464,34.54
1465,33.66
1466,33.0
1467,33.4
1468,32.81
1469,32.72
1470,33.25
1471,34.11
1472,34.59
1473,35.88
1474,36.56
1475,35.96
1476,35.79
1477,35.69
1478,36.51
1479,36.56
1480,36.77
1481,36.25
1482,35.73
1483,36.03
1484,36.36
1485,36.07
1486,34.91
1487,35.22
1488,35.46
1489,36.54
1490,36.6
1491,36.38
1492,36.46
1493,36.03
1494,35.85
1495,35.88
1496,35.9
1497,35.78
1498,35.58
1499,36.88
1500,37.5
1501,37.23
1502,37.38
1503,37.35
1504,37.32
1505,36.95
1506,37.15
1507,37.14
1508,37.03
1509,37.17
1510,36.66
1511,36.93
1512,37.49
1513,37.41
1514,36.75
1515,36.68
1516,36.14
1517,35.72
1518,36.13
1519,35.97
1520,35.87
1521,36.39
1522,36.49
1523,35.68
1524,34.53
1525,33.81
1526,33.61
1527,33.29
1528,32.95
1529,32.39
1530,32.41
1531,32.85
1532,32.75
1533,32.43
1534,32.77
1535,32.51
1536,33.45
1537,32.6
1538,32.25
1539,31.5
1540,32.2
1541,32.47
1542,33.8
1543,34.1
1544,33.68
1545,33.63
1546,33.86
1547,34.55
1548,34.63
1549,34.85
1550,34.87
1551,34.88
1552,35.08
1553,35.12
1554,35.06
1555,35.27
1556,35.07
1557,35.21
1558,35.15
1559,35.46
1560,35.56
1561,35.65
1562,35.95
1563,34.61
1564,35.28
1565,37.16
1566,36.66
1567,35.85
1568,35.6
1569,35.9
1570,35.62
1571,35.54
1572,35.75
1573,35.6
1574,35.62
1575,35.03
1576,34.6
1577,35.42
1578,34.86
1579,34.63
1580,35.1
1581,34.54
1582,33.81
1583,34.12
1584,34.8
1585,35.36
1586,35.84
1587,36.21
1588,35.91
1589,35.48
1590,35.56
1591,34.97
1592,33.68
1593,33.12
1594,32.7
1595,32.8
1596,32.76
1597,32.75
1598,33.95
1599,34.12
1600,34.77
1601,34.24
1602,33.98
1603,33.72
1604,33.22
1605,32.2
1606,31.09
1607,31.82
1608,30.75
1609,31.65
1610,31.51
1611,32.19
1612,32.36
1613,32.27
1614,32.92
1615,32.15
1616,31.7
1617,31.15
1618,31.14
1619,31.34
1620,31.21
1621,32.0
1622,31.89
1623,32.42
1624,32.63
1625,33.12
1626,33.77
1627,33.34
1628,32.38
1629,30.36
1630,30.43
1631,29.85
1632,28.37
1633,26.82
1634,26.56
1635,26.7
1636,27.18
1637,26.34
1638,26.95
1639,26.86
1640,27.2
1641,27.35
1642,28.17
1643,27.97
1644,28.27
1645,27.5
1646,27.19
1647,27.94
1648,27.91
1649,28.6
1650,29.15
1651,29.3
1652,29.11
1653,28.75
1654,28.4
1655,29.11
1656,29.48
1657,29.14
1658,29.41
1659,29.06
1660,29.43
1661,29.23
1662,28.83
1663,27.8
1664,27.92
1665,27.78
1666,27.5
1667,27.79
1668,27.79
1669,27.74
1670,28.09
1671,27.56
1672,27.59
1673,27.65
1674,27.48
1675,27.79
1676,27.73
1677,28.14
1678,29.0
1679,29.66
1680,29.38
1681,29.32
1682,31.87
1683,32.56
1684,32.29
1685,32.08
1686,32.26
1687,32.76
1688,33.13
1689,33.01
1690,33.66
1691,25.95
1692,26.6
1693,26.7
1694,26.87
1695,26.91
1696,26.27
1697,26.23
1698,26.31
1699,26.14
1700,25.8
1701,25.99
1702,25.8
1703,27.51
1704,27.05
1705,27.23
1706,27.8
1707,27.86
1708,27.62
1709,27.8
1710,27.69
1711,27.71
1712,28.32
1713,27.75
1714,28.2
1715,28.04
1716,27.93
1717,28.27
1718,28.16
1719,28.32
1720,28.33
1721,29.02
1722,29.11
1723,29.52
1724,29.0
1725,29.42
1726,29.5
1727,29.37
1728,29.69
1729,29.57
1730,29.23
1731,28.97
1732,29.12
1733,28.66
1734,28.72
1735,28.8
1736,28.32
1737,28.13
1738,28.4
1739,27.97
1740,28.15
1741,28.48
1742,29.01
1743,29.02
1744,29.5
1745,29.03
1746,29.43
1747,28.63
1748,28.58
1749,27.86
1750,28.06
1751,27.81
1752,28.6
1753,29.05
1754,31.0
1755,30.69
1756,30.54
1757,30.7
1758,31.12
1759,30.93
1760,30.92
1761,30.52
1762,30.83
1763,31.18
1764,31.48
1765,32.13
1766,32.18
1767,32.29
1768,33.13
1769,33.14
1770,33.47
1771,33.41
1772,33.58
1773,34.0
1774,33.66
1775,33.79
1776,33.36
1777,33.03
1778,33.36
1779,33.48
1780,33.93
1781,32.59
1782,33.25
1783,33.29
1784,33.27
1785,33.57
1786,33.4
1787,33.63
1788,33.47
1789,32.86
1790,33.42
1791,33.7
1792,33.68
1793,34.0
1794,34.48
1795,35.1
1796,34.93
1797,33.7
1798,33.35
1799,34.15
1800,34.68
1801,34.73
1802,33.94
1803,34.8
1804,34.94
1805,35.45
1806,34.8
1807,35.17
1808,34.68
1809,34.7
1810,34.22
1811,32.46
1812,32.68
1813,32.57
1814,32.11
1815,32.31
1816,32.34
1817,32.6
1818,31.73
1819,32.81
1820,32.71
1821,32.45
1822,32.88
1823,32.88
1824,33.53
1825,34.26
1826,34.2
1827,34.44
1828,34.13
1829,34.62
1830,34.2
1831,34.21
1832,34.3
1833,33.92
1834,34.4
1835,34.07
1836,33.85
1837,33.31
1838,33.69
1839,33.58
1840,33.28
1841,33.14
1842,33.64
1843,34.05
1844,33.68
1845,33.46
1846,33.41
1847,33.12
1848,33.32
1849,33.38
1850,34.1
1851,35.0
1852,35.32
1853,35.74
1854,35.13
1855,34.38
1856,34.6
1857,35.0
1858,35.49
1859,34.72
1860,34.56
1861,34.1
1862,34.07
1863,34.46
1864,34.61
1865,34.53
1866,34.07
1867,33.8
1868,33.2
1869,33.0
1870,32.87
1871,32.35
1872,32.23
1873,31.67
1874,31.95
1875,31.74
1876,31.09
1877,31.33
1878,30.27
1879,31.21
1880,30.3
1881,29.67
1882,30.27
1883,29.84
1884,31.03
1885,30.95
1886,31.21
1887,31.33
1888,31.42
1889,31.52
1890,31.76
1891,31.82
1892,31.18
1893,30.8
1894,30.52
1895,30.12
1896,29.43
1897,29.18
1898,29.02
1899,29.4
1900,29.29
1901,29.69
1902,29.56
1903,29.67
1904,29.46
1905,28.43
1906,28.0
1907,27.95
1908,27.51
1909,27.12
1910,27.0
1911,26.4
1912,24.77
1913,24.09
1914,24.25
1915,22.98
1916,23.88
1917,24.2
1918,24.42
1919,24.57
1920,23.8
1921,23.05
1922,23.19
1923,23.3
1924,23.74
1925,24.29
1926,23.82
1927,24.96
1928,25.2
1929,25.35
1930,25.35
1931,24.31
1932,23.46
1933,24.1
1934,25.23
1935,24.73
1936,24.32
1937,25.25
1938,25.36
1939,26.03
1940,25.81
1941,25.22
1942,25.4
1943,25.87
1944,23.99
1945,24.11
1946,24.99
1947,25.54
1948,25.62
1949,25.6
1950,24.6
1951,23.9
1952,22.97
1953,24.07
1954,24.6
1955,25.42
1956,25.74
1957,25.73
1958,26.09
1959,25.8
1960,27.07
1961,26.98
1962,26.3
1963,26.57
1964,26.03
1965,26.4
1966,27.31
1967,28.05
1968,28.09
1969,28.52
1970,28.15
1971,28.48
1972,28.44
1973,28.88
1974,29.65
1975,29.97
1976,29.67
1977,30.14
1978,27.4
1979,28.22
1980,28.17
1981,28.35
1982,28.13
1983,28.24
1984,28.48
1985,27.72
1986,26.85
1987,26.53
1988,26.05
1989,25.72
1990,26.49
1991,26.69
1992,26.8
1993,26.93
1994,27.35
1995,27.43
1996,28.01
1997,27.88
1998,27.74
1999,27.43
2000,27.8
2001,27.55
2002,26.8
2003,26.8
2004,27.77
2005,28.06
2006,27.86
2007,28.29
2008,28.05
2009,28.04
2010,28.25
2011,28.45
2012,28.02
2013,28.26
2014,28.63
2015,28.5
2016,28.07
2017,28.37
2018,28.74
2019,28.61
2020,29.16
2021,29.43
2022,29.11
2023,29.17
2024,29.27
2025,29.91
2026,30.28
2027,30.33
2028,30.17
2029,30.59
2030,31.15
2031,30.5
2032,30.69
2033,31.18
2034,31.2
2035,31.24
2036,31.7
2037,31.61
2038,31.74
2039,32.2
2040,32.09
2041,32.28
2042,32.42
2043,32.2
2044,32.49
2045,32.45
2046,32.96
2047,32.74
2048,32.45
2049,32.21
2050,32.91
2051,33.18
2052,33.36
2053,33.21
2054,32.86
2055,33.0
2056,33.56
2057,32.8
2058,32.13
2059,32.68
2060,33.19
2061,33.5
2062,33.79
2063,34.24
2064,33.86
2065,34.06
2066,34.08
2067,33.42
2068,33.1
2069,33.31
2070,33.71
2071,33.99
2072,34.33
2073,34.52
2074,34.32
2075,34.69
2076,34.14
2077,34.52
2078,33.98
2079,33.17
2080,33.02
2081,33.15
2082,32.97
2083,33.02
2084,33.4
2085,33.22
2086,33.13
2087,33.58
2088,33.2
2089,32.92
2090,32.84
2091,32.66
2092,32.64
2093,32.99
2094,33.38
2095,33.46
2096,33.59
2097,33.63
2098,33.77
2099,32.99
2100,32.48
2101,32.29
2102,32.29
2103,32.73
2104,31.9
2105,31.81
2106,32.23
2107,32.44
2108,32.38
2109,32.1
2110,31.45
2111,31.97
2112,31.7
2113,32.17
2114,31.64
2115,31.82
2116,31.83
2117,31.34
2118,30.37
2119,29.88
2120,30.19
2121,30.91
2122,32.06
2123,31.25
2124,31.83
2125,31.34
2126,31.65
2127,31.3
2128,31.75
2129,32.27
2130,32.84
2131,30.62
2132,31.82
2133,31.4
2134,31.26
2135,30.9
2136,31.28
2137,31.26
2138,31.74
2139,31.86
2140,32.01
2141,32.22
2142,32.2
2143,31.28
2144,30.7
2145,30.51
2146,30.11
2147,30.18
2148,30.65
2149,30.71
2150,30.65
2151,31.51
2152,31.93
2153,30.81
2154,30.67
2155,30.06
2156,30.85
2157,31.26
2158,31.89
2159,30.99
2160,31.05
2161,30.46
2162,31.33
2163,32.02
2164,32.24
2165,32.19
2166,32.6
2167,32.57
2168,32.48
2169,32.51
2170,32.24
2171,32.89
2172,33.73
2173,33.66
2174,33.76
2175,33.74
2176,33.66
2177,32.4
2178,32.46
2179,32.36
2180,32.14
2181,31.77
2182,31.65
2183,31.24
2184,31.39
2185,32.26
2186,32.83
2187,32.36
2188,32.06
2189,32.59
2190,32.49
2191,32.93
2192,33.29
2193,33.23
2194,32.8
2195,33.25
2196,34.36
2197,33.39
2198,33.7
2199,32.91
2200,32.67
2201,32.65
2202,32.58
2203,32.82
2204,32.76
2205,32.54
2206,32.83
2207,32.26
2208,32.22
2209,31.64
2210,31.85
2211,31.78
2212,32.0
2213,32.44
2214,33.12
2215,33.45
2216,33.45
2217,33.44
2218,33.19
2219,33.56
2220,33.53
2221,33.13
2222,34.0
2223,34.08
2224,34.59
2225,34.18
2226,34.42
2227,34.11
2228,33.5
2229,32.97
2230,32.95
2231,32.55
2232,32.6
2233,32.25
2234,32.58
2235,32.93
2236,32.8
2237,32.75
2238,33.07
2239,33.22
2240,33.19
2241,33.16
2242,33.98
2243,34.19
2244,34.72
2245,34.79
2246,35.3
2247,35.25
2248,35.4
2249,35.45
2250,35.72
2251,35.73
2252,36.22
2253,37.2
2254,37.07
2255,37.42
2256,37.39
2257,38.09
2258,37.55
2259,37.76
2260,37.48
2261,37.49
2262,36.91
2263,36.8
2264,37.92
2265,38.14
2266,37.88
2267,37.81
2268,37.78
2269,38.16
2270,38.75
2271,38.65
2272,38.02
2273,37.86
2274,38.12
2275,37.93
2276,37.81
2277,37.86
2278,37.94
2279,38.15
2280,38.05
2281,37.91
2282,38.11
2283,38.5
2284,38.0
2285,38.2
2286,38.19
2287,38.2
2288,38.26
2289,38.26
2290,38.31
2291,38.99
2292,38.55
2293,38.9
2294,38.7
2295,38.54
2296,38.58
2297,39.05
2298,38.78
2299,38.54
2300,38.66
2301,38.14
2302,38.32
2303,39.6
2304,39.3
2305,39.74
2306,40.76
2307,41.47
2308,41.4
2309,41.75
2310,41.12
2311,41.44
2312,41.5
2313,41.82
2314,41.45
2315,41.08
2316,41.1
2317,42.7
2318,41.99
2319,42.17
2320,42.9
2321,42.66
2322,42.6
2323,42.54
2324,43.36
2325,43.5
2326,43.78
2327,43.74
2328,43.42
2329,43.27
2330,43.71
2331,44.42
2332,45.16
2333,45.15
2334,44.81
2335,44.77
2336,44.86
2337,45.18
2338,44.6
2339,45.0
2340,44.84
2341,44.91
2342,44.75
2343,44.84
2344,44.89
2345,44.9
2346,45.14
2347,44.65
2348,46.0
2349,47.0
2350,46.46
2351,45.51
2352,45.22
2353,44.12
2354,43.98
2355,43.7
2356,44.06
2357,44.96
2358,44.6
2359,44.55
2360,44.21
2361,44.12
2362,42.66
2363,42.32
2364,42.96
2365,42.75
2366,42.65
2367,42.92
2368,42.98
2369,43.67
2370,44.39
2371,43.84
2372,43.86
2373,44.33
2374,43.6
2375,43.31
2376,42.74
2377,43.33
2378,43.22
2379,43.55
2380,46.41
2381,45.12
2382,44.95
2383,44.34
2384,44.04
2385,44.95
2386,45.9
2387,45.69
2388,45.23
2389,46.02
2390,45.71
2391,46.69
2392,47.06
2393,47.0
2394,47.07
2395,47.62
2396,48.1
2397,48.25
2398,48.05
2399,48.15
2400,48.04
2401,48.26
2402,48.52
2403,48.35
2404,48.37
2405,47.8
2406,47.77
2407,47.51
2408,47.19
2409,47.5
2410,47.64
2411,47.74
2412,47.45
2413,47.55
2414,47.17
2415,47.32
2416,47.38
2417,46.87
2418,47.37
2419,47.14
2420,46.37
2421,45.94
2422,45.44
2423,44.77
2424,44.87
2425,45.1
2426,45.88
2427,46.25
2428,45.55
2429,45.58
2430,45.5
2431,45.88
2432,46.21
2433,46.03
2434,46.88
2435,46.89
2436,47.11
2437,47.51
2438,48.0
2439,48.07
2440,47.85
2441,48.15
2442,48.19
2443,51.73
2444,52.05
2445,51.87
2446,52.07
2447,51.79
2448,51.48
2449,52.0
2450,51.71
2451,51.5
2452,52.1
2453,51.88
2454,51.61
2455,50.09
2456,51.05
2457,50.93
2458,49.62
2459,50.06
2460,50.82
2461,51.9
2462,52.31
2463,51.54
2464,51.87
2465,52.15
2466,52.75
2467,53.32
2468,52.75
2469,53.06
2470,54.07
2471,53.91
2472,54.0
2473,54.87
2474,54.01
2475,54.61
2476,55.01
2477,55.04
2478,54.9
2479,55.05
2480,53.42
2481,54.85
2482,55.84
2483,56.03
2484,57.56
2485,57.54
2486,57.45
2487,56.73
2488,55.98
2489,56.28
2490,56.26
2491,56.62
2492,56.85
2493,56.85
2494,57.12
2495,56.74
2496,56.63
2497,56.19
2498,55.63
2499,55.99
2500,55.94
2501,55.38
2502,55.25
2503,54.44
2504,58.06
2505,60.63
2506,58.5
2507,57.58
2508,58.73
2509,58.42
2510,59.76
2511,59.38
2512,59.53
2513,59.73
2514,59.67
2515,59.6
2516,59.06
2517,59.19
2518,58.06
2519,58.26
2520,58.95
2521,58.99
2522,59.35
2523,59.13
2524,58.68
2525,60.44
2526,61.59
2527,61.34
2528,61.5
2529,61.21
2530,61.18
2531,60.3
2532,58.11
2533,57.98
2534,58.61
2535,59.12
2536,58.36
2537,59.08
2538,58.48
2539,59.54
2540,60.77
2541,61.58
2542,62.73
2543,64.48
2544,64.21
2545,64.84
2546,67.43
2547,68.62
2548,68.45
2549,68.22
2550,68.16
2551,68.55
2552,68.71
2553,68.2
2554,67.9
2555,70.19
2556,68.04
2557,68.6
2558,68.79
2559,69.14
2560,69.21
2561,68.56
2562,68.19
2563,67.06
2564,68.48
2565,66.87
2566,67.89
2567,68.1
2568,69.01
2569,67.55
2570,69.06
2571,67.22
2572,65.75
2573,66.1
2574,63.6
2575,64.71
2576,64.82
2577,65.9
2578,66.07
2579,65.5
2580,62.92
2581,60.95
2582,60.53
2583,62.0
2584,63.05
2585,60.84
2586,61.18
2587,62.28
2588,62.51
2589,62.97
2590,64.0
2591,64.06
2592,64.23
2593,64.89
2594,62.92
2595,61.84
2596,60.57
2597,60.87
2598,61.69
2599,62.86
2600,61.2
2601,61.15
2602,59.59
2603,59.04
2604,59.14
2605,59.98
2606,60.81
2607,59.95
2608,60.71
2609,60.65
2610,61.27
2611,62.12
2612,61.73
2613,62.29
2614,63.33
2615,64.64
2616,65.43
2617,64.93
2618,65.75
2619,64.54
2620,64.19
2621,64.1
2622,64.3
2623,65.99
2624,66.7
2625,66.69
2626,66.9
2627,67.23
2628,66.7
2629,67.06
2630,67.36
2631,73.82
2632,72.96
2633,73.04
2634,72.74
2635,72.66
2636,72.27
2637,72.4
2638,72.62
2639,72.26
2640,71.94
2641,72.75
2642,72.95
2643,73.07
2644,72.59
2645,71.64
2646,70.46
2647,71.73
2648,72.55
2649,72.8
2650,72.55
2651,72.11
2652,71.9
2653,72.5
2654,72.06
2655,72.34
2656,73.35
2657,72.54
2658,72.39
2659,72.7
2660,72.5
2661,71.31
2662,69.24
2663,68.95
2664,68.38
2665,68.73
2666,68.69
2667,68.08
2668,68.5
2669,68.61
2670,68.33
2671,69.89
2672,70.88
2673,70.44
2674,70.8
2675,71.78
2676,70.95
2677,71.89
2678,72.24
2679,71.79
2680,71.53
2681,71.23
2682,71.77
2683,72.06
2684,72.55
2685,72.63
2686,72.6
2687,72.91
2688,73.14
2689,72.25
2690,72.03
2691,72.4
2692,70.63
2693,70.01
2694,68.03
2695,67.32
2696,68.2
2697,66.7
2698,67.11
2699,67.79
2700,68.85
2701,67.49
2702,67.69
2703,69.49
2704,69.13
2705,67.83
2706,68.43
2707,68.56
2708,67.4
2709,66.0
2710,67.83
2711,65.37
2712,63.01
2713,62.17
2714,59.61
2715,60.72
2716,63.46
2717,64.25
2718,64.63
2719,66.27
2720,65.62
2721,66.26
2722,66.84
2723,67.45
2724,68.21
2725,67.23
2726,69.89
2727,69.93
2728,69.95
2729,71.53
2730,71.59
2731,72.35
2732,71.63
2733,71.81
2734,71.35
2735,71.65
2736,71.7
2737,70.98
2738,69.86
2739,71.01
2740,70.33
2741,72.0
2742,71.52
2743,71.2
2744,72.08
2745,73.13
2746,73.64
2747,71.23
2748,73.64
2749,73.11
2750,73.16
2751,72.4
2752,71.31
2753,71.52
2754,70.1
2755,74.2
2756,75.65
2757,72.87
2758,72.5
2759,75.41
2760,75.0
2761,74.38
2762,74.65
2763,74.49
2764,74.74
2765,74.35
2766,73.63
2767,73.4
2768,72.7
2769,72.21
2770,71.95
2771,70.77
2772,71.4
2773,72.89
2774,72.13
2775,71.95
2776,69.88
2777,71.71
2778,70.03
2779,71.79
2780,71.16
2781,71.9
2782,73.44
2783,72.62
2784,71.71
2785,71.54
2786,70.03
2787,71.32
2788,70.44
2789,71.54
2790,71.79
2791,72.47
2792,73.18
2793,72.09
2794,72.94
2795,72.78
2796,73.6
2797,74.98
2798,76.67
2799,77.02
2800,77.42
2801,77.76
2802,78.72
2803,78.03
2804,77.76
2805,78.32
2806,79.24
2807,79.14
2808,79.63
2809,78.71
2810,77.6
2811,78.5
2812,77.76
2813,77.25
2814,75.91
2815,76.14
2816,77.18
2817,78.21
2818,78.22
2819,75.52
2820,76.6
2821,77.67
2822,77.11
2823,76.11
2824,75.5
2825,72.43
2826,72.72
2827,73.51
2828,73.11
2829,73.43
2830,75.17
2831,75.13
2832,76.07
2833,75.68
2834,75.62
2835,76.3
2836,76.44
2837,76.02
2838,76.09
2839,75.41
2840,74.38
2841,73.42
2842,74.31
2843,74.68
2844,75.08
2845,76.41
2846,76.84
2847,76.34
2848,75.61
2849,76.4
2850,76.29
2851,76.43
2852,75.35
2853,75.08
2854,74.4
2855,75.28
2856,76.32
2857,76.26
2858,76.6
2859,77.64
2860,79.88
2861,78.69
2862,79.75
2863,79.57
2864,79.54
2865,80.34
2866,79.91
2867,79.55
2868,80.17
2869,79.89
2870,79.5
2871,79.7
2872,79.93
2873,79.87
2874,78.64
2875,78.9
2876,77.88
2877,78.18
2878,79.81
2879,79.33
2880,79.17
2881,78.93
2882,79.5
2883,77.82
2884,79.41
2885,80.0
2886,82.17
2887,83.22
2888,83.82
2889,84.22
2890,81.87
2891,82.19
2892,81.57
2893,81.19
2894,80.02
2895,80.67
2896,79.95
2897,80.74
2898,81.5
2899,81.09
2900,81.67
2901,82.2
2902,82.5
2903,82.73
2904,82.0
2905,81.8
2906,81.38
2907,80.88
2908,81.0
2909,80.53
2910,80.07
2911,80.07
2912,79.9
2913,81.8
2914,82.18
2915,81.43
2916,82.78
2917,83.47
2918,81.87
2919,83.39
2920,84.06
2921,83.16
2922,83.82
2923,83.96
2924,86.0
2925,86.98
2926,86.12
2927,84.66
2928,81.94
2929,75.0
2930,77.02
2931,76.14
2932,78.41
2933,78.42
2934,79.38
2935,77.07
2936,77.0
2937,77.6
2938,76.99
2939,78.64
2940,80.82
2941,78.62
2942,78.44
2943,79.35
2944,78.61
2945,79.51
2946,80.45
2947,78.55
2948,81.48
2949,81.98
2950,84.92
2951,85.07
2952,84.71
2953,82.88
2954,80.52
2955,80.88
2956,82.42
2957,82.21
2958,84.8
2959,85.6
2960,82.2
2961,80.45
2962,82.41
2963,83.66
2964,83.32
2965,84.0
2966,84.19
2967,87.17
2968,88.15
2969,88.15
2970,87.22
2971,86.56
2972,89.0
2973,87.91
2974,88.65
2975,88.44
2976,88.26
2977,87.99
2978,89.03
2979,89.59
2980,90.34
2981,91.5
2982,90.07
2983,90.24
2984,89.56
2985,90.68
2986,91.08
2987,90.58
2988,89.66
2989,89.96
2990,90.31
2991,91.52
2992,92.5
2993,91.82
2994,91.14
2995,92.3
2996,91.86
2997,92.41
2998,92.01
2999,92.52
3000,91.97
3001,90.13
3002,92.56
3003,89.22
3004,91.04
3005,90.41
3006,92.5
3007,91.71
3008,93.98
3009,94.41
3010,95.7
3011,93.9
3012,92.16
3013,91.94
3014,94.42
3015,94.45
3016,93.79
3017,94.6
3018,95.19
3019,95.07
3020,91.77
3021,92.01
3022,91.1
3023,89.4
3024,89.68
3025,88.07
3026,89.89
3027,90.59
3028,88.92
3029,86.84
3030,90.29
3031,87.69
3032,88.64
3033,89.55
3034,88.39
3035,87.26
3036,87.27
3037,85.54
3038,85.55
3039,88.16
3040,88.71
3041,88.92
3042,87.82
3043,85.5
3044,77.4
3045,74.76
3046,74.99
3047,74.04
3048,75.99
3049,77.29
3050,79.4
3051,82.3
3052,80.32
3053,82.09
3054,83.41
3055,82.22
3056,84.76
3057,87.11
3058,86.01
3059,85.92
3060,88.12
3061,88.5
3062,87.93
3063,85.58
3064,84.25
3065,84.88
3066,85.46
3067,85.2
3068,86.11
3069,86.4
3070,86.7
3071,88.71
3072,98.0
3073,92.69
3074,92.06
3075,92.62
3076,91.5
3077,92.68
3078,91.79
3079,93.63
3080,93.76
3081,93.33
3082,95.42
3083,93.23
3084,94.07
3085,94.72
3086,94.48
3087,94.43
3088,93.18
3089,93.82
3090,94.34
3091,94.66
3092,94.75
3093,97.0
3094,97.0
3095,96.21
3096,96.17
3097,94.38
3098,95.96
3099,95.72
3100,94.8
3101,92.89
3102,94.29
3103,94.07
3104,93.18
3105,93.1
3106,93.13
3107,94.0
3108,94.82
3109,96.26
3110,96.31
3111,95.62
3112,95.91
3113,96.81
3114,95.78
3115,96.41
3116,96.1
3117,96.71
3118,97.18
3119,99.91
3120,99.81
3121,99.52
3122,100.14
3123,99.24
3124,99.98
3125,99.52
3126,99.16
3127,99.51
3128,98.45
3129,98.36
3130,96.89
3131,96.87
3132,96.53
3133,97.01
3134,96.5
3135,97.25
3136,97.1
3137,98.64
3138,95.41
3139,94.73
3140,92.39
3141,91.36
3142,91.37
3143,92.91
3144,94.48
3145,95.04
3146,94.55
3147,94.53
3148,95.01
3149,95.93
3150,96.98
3151,97.25
3152,97.97
3153,98.0
3154,98.39
3155,97.74
3156,97.11
3157,98.16
3158,98.12
3159,96.71
3160,97.75
3161,97.81
3162,97.59
3163,97.92
3164,98.4
3165,97.75
3166,97.38
3167,96.06
3168,96.5
3169,97.36
3170,98.86
3171,98.71
3172,99.13
3173,100.85
3174,100.98
3175,101.38
3176,100.52
3177,100.65
3178,99.6
3179,100.31
3180,100.32
3181,100.46
3182,101.0
3183,101.15
3184,101.68
3185,101.85
3186,102.09
3187,101.66
3188,102.23
3189,103.49
3190,103.47
3191,103.44
3192,102.77
3193,100.97
3194,99.18
3195,99.92
3196,98.95
3197,98.84
3198,99.26
3199,99.21
3200,100.7
3201,106.55
3202,107.46
3203,105.55
3204,106.91
3205,106.99
3206,110.0
3207,109.5
3208,108.15
3209,108.41
3210,109.0
3211,108.57
3212,108.72
3213,109.07
3214,110.57
3215,109.0
3216,108.42
3217,107.13
3218,108.19
3219,108.0
3220,108.78
3221,107.1
3222,108.41
3223,108.51
3224,110.07
3225,111.23
3226,108.74
3227,108.47
3228,107.08
3229,108.02
3230,105.63
3231,106.85
3232,106.54
3233,106.44
3234,107.66
3235,108.95
3236,107.69
3237,108.7
3238,103.62
3239,106.09
3240,102.87
3241,105.39
3242,103.77
3243,106.19
3244,105.83
3245,105.85
3246,105.41
3247,104.17
3248,104.81
3249,105.29
3250,104.99
3251,102.82
3252,99.52
3253,100.7
3254,101.99
3255,100.89
3256,103.36
3257,104.0
3258,104.62
3259,105.74
3260,106.3
3261,108.19
3262,107.71
3263,104.0
3264,105.5
3265,105.74
3266,105.12
3267,104.61
3268,105.0
3269,104.83
3270,103.63
3271,104.07
3272,103.43
3273,103.74
3274,104.13
3275,105.98
3276,107.96
3277,108.57
3278,108.23
3279,107.99
3280,108.84
3281,107.79
3282,108.5
3283,108.63
3284,110.02
3285,110.71
3286,111.46
3287,113.77
3288,113.79
3289,113.07
3290,113.22
3291,113.22
3292,113.31
3293,112.82
3294,113.55
3295,114.68
3296,114.83
3297,115.0
3298,116.26
3299,116.51
3300,117.03
3301,117.65
3302,117.33
3303,118.84
3304,118.79
3305,119.73
3306,119.67
3307,120.1
3308,118.3
3309,119.02
3310,118.83
3311,119.24
3312,120.09
3313,119.83
3314,119.73
3315,120.06
3316,120.21
3317,119.82
3318,120.57
3319,121.11
3320,121.65
3321,122.0
3322,122.95
3323,128.45
3324,126.99
3325,126.64
3326,124.84
3327,126.2
3328,127.86
3329,127.48
3330,128.2
3331,128.4
3332,129.55
3333,129.57
3334,130.04
3335,129.47
3336,130.58
3337,129.86
3338,130.15
3339,130.32
3340,129.91
3341,129.96
3342,129.63
3343,129.69
3344,129.74
3345,129.9
3346,130.7
3347,131.41
3348,132.94
3349,133.44
3350,133.5
3351,133.13
3352,133.4
3353,134.3
3354,135.54
3355,134.99
3356,135.13
3357,135.19
3358,134.91
3359,135.4
3360,135.86
3361,135.8
3362,136.45
3363,137.13
3364,138.06
3365,137.2
3366,132.95
3367,134.91
3368,136.78
3369,139.16
3370,140.18
3371,142.0
3372,142.93
3373,141.8
3374,143.04
3375,142.0
3376,142.12
3377,144.14
3378,143.35
3379,143.33
3380,143.96
3381,143.14
3382,133.74
3383,138.13
3384,139.29
3385,136.63
3386,137.46
3387,138.79
3388,141.21
3389,145.08
3390,145.15
3391,143.75
3392,146.06
3393,144.33
3394,143.01
3395,143.2
3396,141.87
3397,141.73
3398,138.65
3399,139.73
3400,141.07
3401,142.21
3402,142.99
3403,144.0
3404,145.91
3405,145.59
3406,146.16
3407,146.47
3408,148.29
3409,149.07
3410,149.16
3411,149.16
3412,149.82
3413,148.62
3414,149.87
3415,145.77
3416,146.56
3417,147.48
3418,147.56
3419,147.47
3420,148.25
3421,147.74
3422,148.01
3423,146.68
3424,147.23
3425,145.25
3426,147.81
3427,149.56
3428,150.7
3429,151.66
3430,147.74
3431,148.05
3432,150.14
3433,151.94
3434,153.52
3435,152.0
3436,151.87
3437,150.55
3438,152.05
3439,154.38
3440,155.76
3441,154.83
3442,155.11
3443,154.49
3444,155.24
3445,156.59
3446,156.76
3447,155.77
3448,155.71
3449,154.9
3450,155.01
3451,156.3
3452,151.99
3453,150.38
3454,148.69
3455,148.39
3456,145.5
3457,146.31
3458,146.0
3459,146.69
3460,149.65
3461,148.44
3462,148.21
3463,148.0
3464,149.96
3465,150.71
3466,152.0
3467,152.09
3468,153.72
3469,153.96
3470,151.15
3471,150.52
3472,150.33
3473,165.5
3474,171.5
3475,175.68
3476,171.47
3477,170.35
3478,172.06
3479,174.02
3480,177.0
3481,176.16
3482,176.59
3483,176.5
3484,181.98
3485,182.01
3486,181.23
3487,181.19
3488,183.21
3489,181.67
3490,180.5
3491,181.98
3492,180.92
3493,181.18
3494,182.08
3495,182.8
3496,183.75
3497,184.3
3498,182.96
3499,185.4
3500,185.62
3501,183.95
3502,178.5
3503,179.51
3504,180.34
3505,167.69
3506,166.79
3507,173.46
3508,177.08
3509,173.77
3510,172.87
3511,173.5
3512,178.26
3513,179.36
3514,178.42
3515,176.01
3516,176.0
3517,174.5
3518,173.99
3519,174.36
3520,174.51
3521,175.92
3522,175.19
3523,175.84
3524,178.0
3525,181.93
3526,185.0
3527,184.95
3528,185.57
3529,185.21
3530,187.29
3531,189.09
3532,196.06
3533,194.41
3534,196.21
3535,196.24
3536,195.7
3537,202.29
3538,201.82
3539,198.08
3540,198.52
3541,200.11
3542,197.43
3543,197.13
3544,199.12
3545,197.33
3546,194.31
3547,186.59
3548,193.87
3549,192.84
3550,187.33
3551,189.0
3552,190.85
3553,193.07
3554,198.97
3555,202.52
3556,201.19
3557,204.45
3558,203.29
3559,204.22
3560,211.2
3561,211.99
3562,210.69
3563,210.32
3564,203.96
3565,208.75
3566,212.44
3567,211.33
3568,218.03
3569,218.0
3570,222.97
3571,222.99
3572,220.75
3573,220.0
3574,226.99
3575,224.48
3576,223.19
3577,228.76
3578,223.86
3579,219.52
3580,218.99
3581,229.9
3582,213.6
3583,213.67
3584,214.63
3585,214.58
3586,210.71
3587,227.94
3588,221.89
3589,220.08
3590,222.61
3591,222.93
3592,225.72
3593,228.85
3594,226.08
3595,228.56
3596,231.7
3597,230.11
3598,227.0
3599,226.39
3600,227.0
3601,218.16
3602,219.77
3603,223.08
3604,223.27
3605,220.77
3606,224.3
3607,220.01
3608,223.47
3609,229.54
3610,229.74
3611,235.0
3612,240.37
3613,241.03
3614,242.0
3615,235.64
3616,236.59
3617,237.32
3618,236.24
3619,239.85
3620,240.8
3621,236.32
3622,243.79
3623,245.0
3624,242.95
3625,244.4
3626,247.2
3627,250.55
3628,252.85
3629,254.0
3630,253.75
3631,253.24
3632,246.86
3633,251.91
3634,252.65
3635,253.7
3636,257.21
3637,252.0
3638,250.5
3639,251.83
3640,253.5
3641,252.0
3642,248.11
3643,240.15
3644,240.67
3645,243.46
3646,236.59
3647,241.88
3648,241.05
3649,244.72
3650,243.04
3651,244.48
3652,249.9
3653,250.47
3654,246.21
3655,249.94
3656,254.64
3657,258.63
3658,252.68
3659,257.86
3660,258.0
3661,258.17
3662,257.66
3663,261.04
3664,257.53
3665,262.32
3666,262.7
3667,254.42
3668,244.45
3669,245.57
3670,245.62
3671,253.1
3672,252.74
3673,254.5
3674,252.95
3675,254.55
3676,252.0
3677,254.16
3678,254.38
3679,253.8
3680,252.79
3681,248.39
3682,246.08
3683,250.45
3684,250.59
3685,254.62
3686,258.33
3687,263.0
3688,263.7
3689,263.0
3690,266.72
3691,265.55
3692,263.67
3693,265.61
3694,256.95
3695,258.0
3696,264.27
3697,265.3
3698,267.83
3699,267.13
3700,269.0
3701,275.0
3702,267.61
3703,271.14
3704,266.47
3705,266.15
3706,260.0
3707,264.81
3708,268.56
3709,270.0
3710,269.73
3711,271.76
3712,274.71
3713,273.25
3714,269.5
3715,263.96
3716,261.84
3717,254.16
3718,252.52
3719,236.41
3720,247.74
3721,248.34
3722,252.5
3723,261.21
3724,256.19
3725,252.18
3726,246.0
3727,246.19
3728,250.61
3729,242.17
3730,243.33
3731,252.0
3732,238.99
3733,245.41
3734,245.69
3735,246.64
3736,240.0
3737,240.48
3738,244.8
3739,252.67
3740,247.56
3741,244.14
3742,238.0
3743,241.76
3744,233.98
3745,239.52
3746,237.5
3747,209.41
3748,225.33
3749,222.9
3750,229.87
3751,230.77
3752,237.9
3753,246.36
3754,250.23
3755,260.71
3756,253.22
3757,240.0
3758,248.39
3759,237.46
3760,251.43
3761,250.0
3762,248.15
3763,241.24
3764,226.93
3765,222.53
3766,225.92
3767,222.9
3768,220.09
3769,206.9
3770,206.53
3771,219.99
3772,227.58
3773,225.56
3774,219.91
3775,220.88
3776,219.84
3777,229.94
3778,232.65
3779,234.01
3780,233.77
3781,235.71
3782,235.33
3783,237.9
3784,243.6
3785,240.13
3786,247.45
3787,245.13
3788,244.91
3789,245.62
3790,245.04
3791,241.0
3792,241.81
3793,240.16
3794,243.0
3795,247.82
3796,248.56
3797,256.74
3798,255.06
3799,251.33
3800,251.39
3801,258.89
3802,260.15
3803,263.13
3804,259.4
3805,260.34
3806,258.98
3807,258.13
3808,257.3
3809,257.61
3810,262.0
3811,258.0
3812,259.77
